mutation,label
S:D614G,1
S:E484K,1
S:N501Y,1
S:L452R,1
S:P681H,1
S:T478K,1
S:K417N,1
S:Y145D,0
S:A222V,0
S:V367F,0
S:G142D,1
S:T19R,0
S:V70F,1
S:W152C,0
S:Y144D,1
S:F486L,1
S:R346K,1
S:K444T,1
S:L455W,1
S:F456L,1
S:Q493R,1
S:G496S,1
S:Q498R,1
S:N501T,1
S:Y505H,1
S:T547K,1
S:D614N,1
S:H655Y,1
S:N679K,1
S:P681R,1
S:A67V,0
S:T95I,0
S:G142V,0
S:V213G,0
S:G339D,0
S:S371F,0
S:S373P,0
S:S375F,0
S:T376A,0
S:D405N,0
S:R408S,0
S:K417T,0
S:N440K,0
S:G446S,0
S:S477N,0
S:T478I,0
S:E484A,0
S:F490S,0
S:S494P,0
S:G496D,0
S:Q498H,0
S:N501S,0
S:Y505N,0
S:T547I,0
S:D614A,0
S:H655R,0
S:N679R,0
S:P681S,0 